{"path_to_video": "D:\\Urban\\vid\\location\\", "frame_step": 5, "index_of_frame": 5670, "index_of_gps": 209, "index_of_video": 0, "index_of_sing": 221, "path_to_geojson": "save/myfile.geojson", "path_to_gpx": "D:\\Urban\\vid\\gpx.gpx", "count_frame": 2143770.0, "classifier": {"parkovka": [], "iskusstvennaya nerovnost": [], "ogranichenie skorosti": [[53.91728747424057, 27.56442574214986, 53.917284291015626, 27.564429522606392], [53.91728747424057, 27.56442574214986, 53.917284291015626, 27.564429522606392], [53.91728747424057, 27.56442574214986, 53.917284291015626, 27.564429522606392], [53.91728747424057, 27.56442574214986, 53.917284291015626, 27.564429522606392], [53.91728747424057, 27.56442574214986, 53.917284291015626, 27.564429522606392], [53.91728747424057, 27.56442574214986, 53.917284291015626, 27.564429522606392], [53.91728747424498, 27.564424076142362, 53.91728261964828, 27.564443977752752], [53.91728747424498, 27.564424076142362, 53.91728261964828, 27.564443977752752], [53.91728747424498, 27.564424076142362, 53.91728261964828, 27.564443977752752], [53.91728747424498, 27.564424076142362, 53.91728261964828, 27.564443977752752], [53.91728747424498, 27.564424076142362, 53.91728261964828, 27.564443977752752], [53.91728747424498, 27.564424076142362, 53.91728261964828, 27.564443977752752], [53.91728747424498, 27.564424076142362, 53.91728261964828, 27.564443977752752], [53.91728747424498, 27.564424076142362, 53.91728261964828, 27.564443977752752], [53.91728747424498, 27.564424076142362, 53.91728261964828, 27.564443977752752], [53.91728747424498, 27.564424076142362, 53.91728261964828, 27.564443977752752], [53.91728747424498, 27.564424076142362, 53.91728261964828, 27.564443977752752], [53.91728747424498, 27.564424076142362, 53.91728261964828, 27.564443977752752], [53.91728747424498, 27.564424076142362, 53.91728261964828, 27.564443977752752], [53.91728747424498, 27.564424076142362, 53.91728261964828, 27.564443977752752], [53.91728747424498, 27.564424076142362, 53.91728261964828, 27.564443977752752], [53.91728747424498, 27.564424076142362, 53.91728261964828, 27.564443977752752], [53.91728747424498, 27.564424076142362, 53.91728261964828, 27.564443977752752], [53.91728747424498, 27.564424076142362, 53.91728261964828, 27.564443977752752], [53.91728747424498, 27.564424076142362, 53.91728261964828, 27.564443977752752], [53.91728747424498, 27.564424076142362, 53.91728261964828, 27.564443977752752], [53.91728747424498, 27.564424076142362, 53.91728261964828, 27.564443977752752], [53.91728747424498, 27.564424076142362, 53.91728261964828, 27.564443977752752], [53.91728747424498, 27.564424076142362, 53.91728261964828, 27.564443977752752], [53.91728747424498, 27.564424076142362, 53.91728261964828, 27.564443977752752], [53.91728747424498, 27.564424076142362, 53.91728261964828, 27.564443977752752], [53.91728747424498, 27.564424076142362, 53.91728261964828, 27.564443977752752], [53.91728747424498, 27.564424076142362, 53.91728261964828, 27.564443977752752], [53.91728747424498, 27.564424076142362, 53.91728261964828, 27.564443977752752], [53.91728747424498, 27.564424076142362, 53.91728261964828, 27.564443977752752], [53.91728747424498, 27.564424076142362, 53.91728261964828, 27.564443977752752], [53.91728747424498, 27.564424076142362, 53.91728261964828, 27.564443977752752], [53.91728747424498, 27.564424076142362, 53.91728261964828, 27.564443977752752], [53.91728747424498, 27.564424076142362, 53.91728261964828, 27.564443977752752], [53.91728747424498, 27.564424076142362, 53.91728261964828, 27.564443977752752], [53.91728747424498, 27.564424076142362, 53.91728261964828, 27.564443977752752], [53.91728747424498, 27.564424076142362, 53.91728261964828, 27.564443977752752], [53.91728747424498, 27.564424076142362, 53.91728261964828, 27.564443977752752], [53.91728747424498, 27.564424076142362, 53.91728261964828, 27.564443977752752], [53.91728747424498, 27.564424076142362, 53.91728261964828, 27.564443977752752], [53.91728747424498, 27.564424076142362, 53.91728261964828, 27.564443977752752], [53.91728747424498, 27.564424076142362, 53.91728261964828, 27.564443977752752], [53.91728747424498, 27.564424076142362, 53.91728261964828, 27.564443977752752], [53.91728747424498, 27.564424076142362, 53.91728261964828, 27.564443977752752], [53.91728747424498, 27.564424076142362, 53.91728261964828, 27.564443977752752], [53.91728747424498, 27.564424076142362, 53.91728261964828, 27.564443977752752], [53.91728747424498, 27.564424076142362, 53.91728261964828, 27.564443977752752], [53.91728747424498, 27.564424076142362, 53.91728261964828, 27.564443977752752], [53.91728747424498, 27.564424076142362, 53.91728261964828, 27.564443977752752], [53.91728747424498, 27.564424076142362, 53.91728261964828, 27.564443977752752], [53.91728747424498, 27.564424076142362, 53.91728261964828, 27.564443977752752], [53.91728747424498, 27.564424076142362, 53.91728261964828, 27.564443977752752], [53.91728747424498, 27.564424076142362, 53.91728261964828, 27.564443977752752], [53.91728747424498, 27.564424076142362, 53.91728261964828, 27.564443977752752], [53.91728747424498, 27.564424076142362, 53.91728261964828, 27.564443977752752], [53.91728747424498, 27.564424076142362, 53.91728261964828, 27.564443977752752], [53.91728747424498, 27.564424076142362, 53.91728261964828, 27.564443977752752], [53.91728747424498, 27.564424076142362, 53.91728261964828, 27.564443977752752], [53.91728747424498, 27.564424076142362, 53.91728261964828, 27.564443977752752], [53.91728747424498, 27.564424076142362, 53.91728261964828, 27.564443977752752], [53.91728747424498, 27.564424076142362, 53.91728261964828, 27.564443977752752], [53.91728747424498, 27.564424076142362, 53.91728261964828, 27.564443977752752], [53.91728747424498, 27.564424076142362, 53.91728261964828, 27.564443977752752], [53.91728747424498, 27.564424076142362, 53.91728261964828, 27.564443977752752], [53.91728747424498, 27.564424076142362, 53.91728261964828, 27.564443977752752], [53.91728747424498, 27.564424076142362, 53.91728261964828, 27.564443977752752], [53.91728747424498, 27.564424076142362, 53.91728261964828, 27.564443977752752], [53.91728747424498, 27.564424076142362, 53.91728261964828, 27.564443977752752], [53.91728747424498, 27.564424076142362, 53.91728261964828, 27.564443977752752], [53.91728747424498, 27.564424076142362, 53.91728261964828, 27.564443977752752], [53.91728747424498, 27.564424076142362, 53.91728261964828, 27.564443977752752], [53.91728747424498, 27.564424076142362, 53.91728261964828, 27.564443977752752], [53.91728747424498, 27.564424076142362, 53.91728261964828, 27.564443977752752], [53.91728747424498, 27.564424076142362, 53.91728261964828, 27.564443977752752], [53.91728747424498, 27.564424076142362, 53.91728261964828, 27.564443977752752], [53.91728747424498, 27.564424076142362, 53.91728261964828, 27.564443977752752], [53.91728747424498, 27.564424076142362, 53.91728261964828, 27.564443977752752], [53.91728747424498, 27.564424076142362, 53.91728261964828, 27.564443977752752], [53.91728747424498, 27.564424076142362, 53.91728261964828, 27.564443977752752], [53.91728747424498, 27.564424076142362, 53.91728261964828, 27.564443977752752], [53.91728747424498, 27.564424076142362, 53.91728261964828, 27.564443977752752], [53.91728747424498, 27.564424076142362, 53.91728261964828, 27.564443977752752], [53.91728747424498, 27.564424076142362, 53.91728261964828, 27.564443977752752], [53.91728747424498, 27.564424076142362, 53.91728261964828, 27.564443977752752], [53.91728747424498, 27.564424076142362, 53.91728261964828, 27.564443977752752], [53.91728747424498, 27.564424076142362, 53.91728261964828, 27.564443977752752], [53.91728747424498, 27.564424076142362, 53.91728261964828, 27.564443977752752], [53.91728747424498, 27.564424076142362, 53.91728261964828, 27.564443977752752], [53.91728747424498, 27.564424076142362, 53.91728261964828, 27.564443977752752], [53.91728747424498, 27.564424076142362, 53.91728261964828, 27.564443977752752], [53.91728747424498, 27.564424076142362, 